nama,divisi
ketua,Inti
wakil1,Inti
wakil2,Inti
sekretaris1,Inti
sekretaris2,Inti
bendahara,Inti
koor,Internal SDM
staff1,Internal SDM
staff2,Internal SDM
koor,Internal Logistik
staff1,Internal Logistik
staff2,Internal Logistik
koor,Eksternal
staff1,Eksternal
staff2,Eksternal
koor,Chameleon
staff1,Chameleon
staff2,Chameleon
koor,Daruma
staff1,Daruma
staff2,Daruma
koor,NBBDC
staff1,NBBDC
staff2,NBBDC
koor,DnA
staff1,DnA
staff2,DnA
koor,Honnoukai
staff1,Honnoukai
staff2,Honnoukai
koor,TnT
staff1,TnT
staff2,TnT
